C00_V0035.mp4,021299
C00_V0035.mp4,021287
C00_V0035.mp4,021263
C00_V0035.mp4,021311
C00_V0035.mp4,021275
C00_V0035.mp4,021321
C00_V0035.mp4,021312
C00_V0035.mp4,021343
C00_V0035.mp4,021351
C00_V0035.mp4,021341
C00_V0035.mp4,021331
C00_V0035.mp4,021653
C00_V0035.mp4,021562
C00_V0035.mp4,021516
C00_V0035.mp4,021471
C00_V0035.mp4,021607
C00_V0035.mp4,021774
C00_V0035.mp4,021754
C00_V0035.mp4,021735
C00_V0035.mp4,021697
C00_V0035.mp4,021716
C00_V0015.mp4,026461
C00_V0015.mp4,026478
C00_V0015.mp4,026445
C00_V0015.mp4,026495
